epoch,train_loss,train_nmse,val_loss,val_nmse
1,1.0702110528945923,0.8964400291442871,0.051944904029369354,0.029650241136550903
