{
  "config_path": "configs/dsp_baseline.yaml",
  "config_snapshot": "outputs/dsp_baseline/dsp_fast_baseline_val_20260408T100347Z/config_snapshot.yaml",
  "created_at": "2026-04-08T10:03:48.282290Z",
  "dataset_path": "/mnt/f/fma_small/datasets/waveunet_baseline_small.pkl",
  "device": "cpu",
  "dsp_max_output_peak": 0.5346064425033071,
  "dsp_mean_gain_db": -1.2383914622275725,
  "dsp_mean_input_level_db": -12.761608414028002,
  "dsp_mean_peak_scale": 1.0,
  "experiment_name": "dsp_fast_baseline",
  "input_avg_cf_output": 2.2425618837385075,
  "input_avg_cf_target": 2.3523455777785918,
  "input_avg_loudness_output": 0.23737171338533686,
  "input_avg_loudness_target": 0.2224224794038531,
  "input_batch_mae": 0.03252666160140349,
  "input_batch_nmse": 0.05189970896943756,
  "input_batch_peak_reduction": 0.0,
  "num_batches": 23,
  "output_avg_cf_output": 2.2425618816868984,
  "output_avg_cf_target": 2.3523455777785918,
  "output_avg_loudness_output": 0.2063736591363272,
  "output_avg_loudness_target": 0.2224224794038531,
  "output_batch_mae": 0.0416479484056649,
  "output_batch_nmse": 0.06793562104196652,
  "output_batch_peak_reduction": -6.921288428099259,
  "outputs_file": "outputs/dsp_baseline/dsp_fast_baseline_val_20260408T100347Z/outputs_val.npz",
  "run_name": "dsp_fast_baseline_val_20260408T100347Z",
  "saved_frames": 1456,
  "split": "val"
}