epoch,train_loss,train_nmse,val_loss,val_nmse
1,0.3175925016403198,0.2385970503091812,0.03679536283016205,0.019025424495339394
